index;subindex;description;type;access;rxPDO;txPDO;c_identifier;setter;getter;ctype
0x1000;0x0;Device Type;UNSIGNED32;RO;0;0;device_type;NA;get_device_type;uint32_t
0x1001;0x0;Error Register;UNSIGNED8;RO;0;0;error_register;NA;get_error_register;uint8_t
0x1003;0x0;Number of Errors;UNSIGNED8;RW;0;0;number_of_errors;set_number_of_errors;get_number_of_errors;uint8_t
0x1003;0x1;Error History (1);UNSIGNED32;RO;0;0;error_history_1;NA;get_error_history_1;uint32_t
0x1003;0x2;Error History (2);UNSIGNED32;RO;0;0;error_history_2;NA;get_error_history_2;uint32_t
0x1003;0x3;Error History (3);UNSIGNED32;RO;0;0;error_history_3;NA;get_error_history_3;uint32_t
0x1003;0x4;Error History (4);UNSIGNED32;RO;0;0;error_history_4;NA;get_error_history_4;uint32_t
0x1003;0x5;Error History (5);UNSIGNED32;RO;0;0;error_history_5;NA;get_error_history_5;uint32_t
0x1005;0x0;COB-ID SYNC;UNSIGNED32;RW;0;0;cob_id_sync;set_cob_id_sync;get_cob_id_sync;uint32_t
0x1008;0x0;Manufacturer Device Name;STRING8;CONST;0;0;manufacturer_device_name;NA;get_manufacturer_device_name;string8_t
0x100C;0x0;Guard Time;UNSIGNED16;RW;0;0;guard_time;set_guard_time;get_guard_time;uint16_t
0x100D;0x0;Lifetime Factor;UNSIGNED8;RW;0;0;lifetime_factor;set_lifetime_factor;get_lifetime_factor;uint8_t
0x1010;0x0;Internal Largest SubIndex Supported;UNSIGNED8;RO;0;0;internal_largest_subindex_supported;NA;get_internal_largest_subindex_supported;uint8_t
0x1010;0x1;Save All Parameters;UNSIGNED32;RW;0;0;save_all_parameters;set_save_all_parameters;get_save_all_parameters;uint32_t
0x1011;0x0;Internal Largest SubIndex Supported (2);UNSIGNED8;RO;0;0;internal_largest_subindex_supported_2;NA;get_internal_largest_subindex_supported_2;uint8_t
0x1011;0x1;Restore All Default Parameters;UNSIGNED32;RW;0;0;restore_all_default_parameters;set_restore_all_default_parameters;get_restore_all_default_parameters;uint32_t
0x1011;0x5;Restore Default PDO COB-IDs;UNSIGNED32;RW;0;0;restore_default_pdo_cob_ids;set_restore_default_pdo_cob_ids;get_restore_default_pdo_cob_ids;uint32_t
0x1012;0x0;COB-ID Time Stamp Object;UNSIGNED32;RW;0;0;cob_id_time_stamp_object;set_cob_id_time_stamp_object;get_cob_id_time_stamp_object;uint32_t
0x1013;0x0;High Resolution Time Stamp;UNSIGNED32;RW;0;0;high_resolution_time_stamp;set_high_resolution_time_stamp;get_high_resolution_time_stamp;uint32_t
0x1014;0x0;COB-ID EMCY;UNSIGNED32;RW;0;0;cob_id_emcy;set_cob_id_emcy;get_cob_id_emcy;uint32_t
0x1016;0x0;Internal Number of Entries;UNSIGNED8;RO;0;0;internal_number_of_entries;NA;get_internal_number_of_entries;uint8_t
0x1016;0x1;Consumer 1 Heartbeat Time;UNSIGNED32;RW;0;0;consumer_1_heartbeat_time;set_consumer_1_heartbeat_time;get_consumer_1_heartbeat_time;uint32_t
0x1016;0x2;Consumer 2 Heartbeat Time;UNSIGNED32;RW;0;0;consumer_2_heartbeat_time;set_consumer_2_heartbeat_time;get_consumer_2_heartbeat_time;uint32_t
0x1017;0x0;Producer Heartbeat Time;UNSIGNED16;RW;0;0;producer_heartbeat_time;set_producer_heartbeat_time;get_producer_heartbeat_time;uint16_t
0x1018;0x0;Internal Number of Entries (2);UNSIGNED8;RO;0;0;internal_number_of_entries_2;NA;get_internal_number_of_entries_2;uint8_t
0x1018;0x1;Vendor ID;UNSIGNED32;RO;0;0;vendor_id;NA;get_vendor_id;uint32_t
0x1018;0x2;Product Code;UNSIGNED32;RO;0;0;product_code;NA;get_product_code;uint32_t
0x1018;0x3;Revision Number;UNSIGNED32;RO;0;0;revision_number;NA;get_revision_number;uint32_t
0x1018;0x4;Serial Number;UNSIGNED32;RO;0;0;serial_number;NA;get_serial_number;uint32_t
0x1020;0x0;Internal Number of Entries (3);UNSIGNED8;RO;0;0;internal_number_of_entries_3;NA;get_internal_number_of_entries_3;uint8_t
0x1020;0x1;Configuration Date;UNSIGNED32;RW;0;0;configuration_date;set_configuration_date;get_configuration_date;uint32_t
0x1020;0x2;Configuration Time;UNSIGNED32;RW;0;0;configuration_time;set_configuration_time;get_configuration_time;uint32_t
0x1200;0x0;Internal Number of Entries (4);UNSIGNED8;RO;0;0;internal_number_of_entries_4;NA;get_internal_number_of_entries_4;uint8_t
0x1200;0x1;SDO COB-ID Client->Server (rx);UNSIGNED32;RO;0;0;sdo_cob_id_client__server_rx;NA;get_sdo_cob_id_client__server_rx;uint32_t
0x1200;0x2;SDO COB-ID Server->Client (tx);UNSIGNED32;RO;0;0;sdo_cob_id_server__client_tx;NA;get_sdo_cob_id_server__client_tx;uint32_t
0x1400;0x0;Internal Largest SubIndex Supported in RxPDO 1;UNSIGNED8;RO;0;0;internal_largest_subindex_supported_in_rxpdo_1;NA;get_internal_largest_subindex_supported_in_rxpdo_1;uint8_t
0x1400;0x1;COB-ID used by RxPDO 1;UNSIGNED32;RW;0;0;cob_id_used_by_rxpdo_1;set_cob_id_used_by_rxpdo_1;get_cob_id_used_by_rxpdo_1;uint32_t
0x1400;0x2;Transmission Type in RxPDO 1;UNSIGNED8;RW;0;0;transmission_type_in_rxpdo_1;set_transmission_type_in_rxpdo_1;get_transmission_type_in_rxpdo_1;uint8_t
0x1401;0x0;Internal Largest SubIndex Supported in RxPDO 2;UNSIGNED8;RO;0;0;internal_largest_subindex_supported_in_rxpdo_2;NA;get_internal_largest_subindex_supported_in_rxpdo_2;uint8_t
0x1401;0x1;COB-ID used by RxPDO 2;UNSIGNED32;RW;0;0;cob_id_used_by_rxpdo_2;set_cob_id_used_by_rxpdo_2;get_cob_id_used_by_rxpdo_2;uint32_t
0x1401;0x2;Transmission Type in RxPDO 2;UNSIGNED8;RW;0;0;transmission_type_in_rxpdo_2;set_transmission_type_in_rxpdo_2;get_transmission_type_in_rxpdo_2;uint8_t
0x1402;0x0;Internal Largest SubIndex Supported in RxPDO 3;UNSIGNED8;RO;0;0;internal_largest_subindex_supported_in_rxpdo_3;NA;get_internal_largest_subindex_supported_in_rxpdo_3;uint8_t
0x1402;0x1;COB-ID used by RxPDO 3;UNSIGNED32;RW;0;0;cob_id_used_by_rxpdo_3;set_cob_id_used_by_rxpdo_3;get_cob_id_used_by_rxpdo_3;uint32_t
0x1402;0x2;Transmission Type in RxPDO 3;UNSIGNED8;RW;0;0;transmission_type_in_rxpdo_3;set_transmission_type_in_rxpdo_3;get_transmission_type_in_rxpdo_3;uint8_t
0x1403;0x0;Internal Largest SubIndex Supported in RxPDO 4;UNSIGNED8;RO;0;0;internal_largest_subindex_supported_in_rxpdo_4;NA;get_internal_largest_subindex_supported_in_rxpdo_4;uint8_t
0x1403;0x1;COB-ID used by RxPDO 4;UNSIGNED32;RW;0;0;cob_id_used_by_rxpdo_4;set_cob_id_used_by_rxpdo_4;get_cob_id_used_by_rxpdo_4;uint32_t
0x1403;0x2;Transmission Type in RxPDO 4;UNSIGNED8;RW;0;0;transmission_type_in_rxpdo_4;set_transmission_type_in_rxpdo_4;get_transmission_type_in_rxpdo_4;uint8_t
0x1600;0x0;Number of Mapped Application Objects in RxPDO 1;UNSIGNED8;RW;0;0;number_of_mapped_application_objects_in_rxpdo_1;set_number_of_mapped_application_objects_in_rxpdo_1;get_number_of_mapped_application_objects_in_rxpdo_1;uint8_t
0x1600;0x1;1st Mapped Object in RxPDO 1;UNSIGNED32;RW;0;0;_1st_mapped_object_in_rxpdo_1;set_1st_mapped_object_in_rxpdo_1;get_1st_mapped_object_in_rxpdo_1;uint32_t
0x1600;0x2;2nd Mapped Object in RxPDO 1;UNSIGNED32;RW;0;0;_2nd_mapped_object_in_rxpdo_1;set_2nd_mapped_object_in_rxpdo_1;get_2nd_mapped_object_in_rxpdo_1;uint32_t
0x1600;0x3;3rd Mapped Object in RxPDO 1;UNSIGNED32;RW;0;0;_3rd_mapped_object_in_rxpdo_1;set_3rd_mapped_object_in_rxpdo_1;get_3rd_mapped_object_in_rxpdo_1;uint32_t
0x1600;0x4;4th Mapped Object in RxPDO 1;UNSIGNED32;RW;0;0;_4th_mapped_object_in_rxpdo_1;set_4th_mapped_object_in_rxpdo_1;get_4th_mapped_object_in_rxpdo_1;uint32_t
0x1600;0x5;5th Mapped Object in RxPDO 1;UNSIGNED32;RW;0;0;_5th_mapped_object_in_rxpdo_1;set_5th_mapped_object_in_rxpdo_1;get_5th_mapped_object_in_rxpdo_1;uint32_t
0x1600;0x6;6th Mapped Object in RxPDO 1;UNSIGNED32;RW;0;0;_6th_mapped_object_in_rxpdo_1;set_6th_mapped_object_in_rxpdo_1;get_6th_mapped_object_in_rxpdo_1;uint32_t
0x1600;0x7;7th Mapped Object in RxPDO 1;UNSIGNED32;RW;0;0;_7th_mapped_object_in_rxpdo_1;set_7th_mapped_object_in_rxpdo_1;get_7th_mapped_object_in_rxpdo_1;uint32_t
0x1600;0x8;8th Mapped Object in RxPDO 1;UNSIGNED32;RW;0;0;_8th_mapped_object_in_rxpdo_1;set_8th_mapped_object_in_rxpdo_1;get_8th_mapped_object_in_rxpdo_1;uint32_t
0x1601;0x0;Number of Mapped Application Objects in RxPDO 2;UNSIGNED8;RW;0;0;number_of_mapped_application_objects_in_rxpdo_2;set_number_of_mapped_application_objects_in_rxpdo_2;get_number_of_mapped_application_objects_in_rxpdo_2;uint8_t
0x1601;0x1;1st Mapped Object in RxPDO 2;UNSIGNED32;RW;0;0;_1st_mapped_object_in_rxpdo_2;set_1st_mapped_object_in_rxpdo_2;get_1st_mapped_object_in_rxpdo_2;uint32_t
0x1601;0x2;2nd Mapped Object in RxPDO 2;UNSIGNED32;RW;0;0;_2nd_mapped_object_in_rxpdo_2;set_2nd_mapped_object_in_rxpdo_2;get_2nd_mapped_object_in_rxpdo_2;uint32_t
0x1601;0x3;3rd Mapped Object in RxPDO 2;UNSIGNED32;RW;0;0;_3rd_mapped_object_in_rxpdo_2;set_3rd_mapped_object_in_rxpdo_2;get_3rd_mapped_object_in_rxpdo_2;uint32_t
0x1601;0x4;4th Mapped Object in RxPDO 2;UNSIGNED32;RW;0;0;_4th_mapped_object_in_rxpdo_2;set_4th_mapped_object_in_rxpdo_2;get_4th_mapped_object_in_rxpdo_2;uint32_t
0x1601;0x5;5th Mapped Object in RxPDO 2;UNSIGNED32;RW;0;0;_5th_mapped_object_in_rxpdo_2;set_5th_mapped_object_in_rxpdo_2;get_5th_mapped_object_in_rxpdo_2;uint32_t
0x1601;0x6;6th Mapped Object in RxPDO 2;UNSIGNED32;RW;0;0;_6th_mapped_object_in_rxpdo_2;set_6th_mapped_object_in_rxpdo_2;get_6th_mapped_object_in_rxpdo_2;uint32_t
0x1601;0x7;7th Mapped Object in RxPDO 2;UNSIGNED32;RW;0;0;_7th_mapped_object_in_rxpdo_2;set_7th_mapped_object_in_rxpdo_2;get_7th_mapped_object_in_rxpdo_2;uint32_t
0x1601;0x8;8th Mapped Object in RxPDO 2;UNSIGNED32;RW;0;0;_8th_mapped_object_in_rxpdo_2;set_8th_mapped_object_in_rxpdo_2;get_8th_mapped_object_in_rxpdo_2;uint32_t
0x1602;0x0;Number of Mapped Application Objects in RxPDO 3;UNSIGNED8;RW;0;0;number_of_mapped_application_objects_in_rxpdo_3;set_number_of_mapped_application_objects_in_rxpdo_3;get_number_of_mapped_application_objects_in_rxpdo_3;uint8_t
0x1602;0x1;1st Mapped Object in RxPDO 3;UNSIGNED32;RW;0;0;_1st_mapped_object_in_rxpdo_3;set_1st_mapped_object_in_rxpdo_3;get_1st_mapped_object_in_rxpdo_3;uint32_t
0x1602;0x2;2nd Mapped Object in RxPDO 3;UNSIGNED32;RW;0;0;_2nd_mapped_object_in_rxpdo_3;set_2nd_mapped_object_in_rxpdo_3;get_2nd_mapped_object_in_rxpdo_3;uint32_t
0x1602;0x3;3rd Mapped Object in RxPDO 3;UNSIGNED32;RW;0;0;_3rd_mapped_object_in_rxpdo_3;set_3rd_mapped_object_in_rxpdo_3;get_3rd_mapped_object_in_rxpdo_3;uint32_t
0x1602;0x4;4th Mapped Object in RxPDO 3;UNSIGNED32;RW;0;0;_4th_mapped_object_in_rxpdo_3;set_4th_mapped_object_in_rxpdo_3;get_4th_mapped_object_in_rxpdo_3;uint32_t
0x1602;0x5;5th Mapped Object in RxPDO 3;UNSIGNED32;RW;0;0;_5th_mapped_object_in_rxpdo_3;set_5th_mapped_object_in_rxpdo_3;get_5th_mapped_object_in_rxpdo_3;uint32_t
0x1602;0x6;6th Mapped Object in RxPDO 3;UNSIGNED32;RW;0;0;_6th_mapped_object_in_rxpdo_3;set_6th_mapped_object_in_rxpdo_3;get_6th_mapped_object_in_rxpdo_3;uint32_t
0x1602;0x7;7th Mapped Object in RxPDO 3;UNSIGNED32;RW;0;0;_7th_mapped_object_in_rxpdo_3;set_7th_mapped_object_in_rxpdo_3;get_7th_mapped_object_in_rxpdo_3;uint32_t
0x1602;0x8;8th Mapped Object in RxPDO 3;UNSIGNED32;RW;0;0;_8th_mapped_object_in_rxpdo_3;set_8th_mapped_object_in_rxpdo_3;get_8th_mapped_object_in_rxpdo_3;uint32_t
0x1603;0x0;Number of Mapped Application Objects in RxPDO 4;UNSIGNED8;RW;0;0;number_of_mapped_application_objects_in_rxpdo_4;set_number_of_mapped_application_objects_in_rxpdo_4;get_number_of_mapped_application_objects_in_rxpdo_4;uint8_t
0x1603;0x1;1st Mapped Object in RxPDO 4;UNSIGNED32;RW;0;0;_1st_mapped_object_in_rxpdo_4;set_1st_mapped_object_in_rxpdo_4;get_1st_mapped_object_in_rxpdo_4;uint32_t
0x1603;0x2;2nd Mapped Object in RxPDO 4;UNSIGNED32;RW;0;0;_2nd_mapped_object_in_rxpdo_4;set_2nd_mapped_object_in_rxpdo_4;get_2nd_mapped_object_in_rxpdo_4;uint32_t
0x1603;0x3;3rd Mapped Object in RxPDO 4;UNSIGNED32;RW;0;0;_3rd_mapped_object_in_rxpdo_4;set_3rd_mapped_object_in_rxpdo_4;get_3rd_mapped_object_in_rxpdo_4;uint32_t
0x1603;0x4;4th Mapped Object in RxPDO 4;UNSIGNED32;RW;0;0;_4th_mapped_object_in_rxpdo_4;set_4th_mapped_object_in_rxpdo_4;get_4th_mapped_object_in_rxpdo_4;uint32_t
0x1603;0x5;5th Mapped Object in RxPDO 4;UNSIGNED32;RW;0;0;_5th_mapped_object_in_rxpdo_4;set_5th_mapped_object_in_rxpdo_4;get_5th_mapped_object_in_rxpdo_4;uint32_t
0x1603;0x6;6th Mapped Object in RxPDO 4;UNSIGNED32;RW;0;0;_6th_mapped_object_in_rxpdo_4;set_6th_mapped_object_in_rxpdo_4;get_6th_mapped_object_in_rxpdo_4;uint32_t
0x1603;0x7;7th Mapped Object in RxPDO 4;UNSIGNED32;RW;0;0;_7th_mapped_object_in_rxpdo_4;set_7th_mapped_object_in_rxpdo_4;get_7th_mapped_object_in_rxpdo_4;uint32_t
0x1603;0x8;8th Mapped Object in RxPDO 4;UNSIGNED32;RW;0;0;_8th_mapped_object_in_rxpdo_4;set_8th_mapped_object_in_rxpdo_4;get_8th_mapped_object_in_rxpdo_4;uint32_t
0x1800;0x0;Internal Largest SubIndex Supported in TxPDO 1;UNSIGNED8;RO;0;0;internal_largest_subindex_supported_in_txpdo_1;NA;get_internal_largest_subindex_supported_in_txpdo_1;uint8_t
0x1800;0x1;COB-ID used by TxPDO 1;UNSIGNED32;RW;0;0;cob_id_used_by_txpdo_1;set_cob_id_used_by_txpdo_1;get_cob_id_used_by_txpdo_1;uint32_t
0x1800;0x2;Transmission Type in TxPDO 1;UNSIGNED8;RW;0;0;transmission_type_in_txpdo_1;set_transmission_type_in_txpdo_1;get_transmission_type_in_txpdo_1;uint8_t
0x1800;0x3;Inhibit Time in TxPDO 1;UNSIGNED16;RW;0;0;inhibit_time_in_txpdo_1;set_inhibit_time_in_txpdo_1;get_inhibit_time_in_txpdo_1;uint16_t
0x1801;0x0;Internal Largest SubIndex Supported in TxPDO 2;UNSIGNED8;RO;0;0;internal_largest_subindex_supported_in_txpdo_2;NA;get_internal_largest_subindex_supported_in_txpdo_2;uint8_t
0x1801;0x1;COB-ID used by TxPDO 2;UNSIGNED32;RW;0;0;cob_id_used_by_txpdo_2;set_cob_id_used_by_txpdo_2;get_cob_id_used_by_txpdo_2;uint32_t
0x1801;0x2;Transmission Type in TxPDO 2;UNSIGNED8;RW;0;0;transmission_type_in_txpdo_2;set_transmission_type_in_txpdo_2;get_transmission_type_in_txpdo_2;uint8_t
0x1801;0x3;Inhibit Time in TxPDO 2;UNSIGNED16;RW;0;0;inhibit_time_in_txpdo_2;set_inhibit_time_in_txpdo_2;get_inhibit_time_in_txpdo_2;uint16_t
0x1802;0x0;Internal Largest SubIndex Supported in TxPDO 3;UNSIGNED8;RO;0;0;internal_largest_subindex_supported_in_txpdo_3;NA;get_internal_largest_subindex_supported_in_txpdo_3;uint8_t
0x1802;0x1;COB-ID used by TxPDO 3;UNSIGNED32;RW;0;0;cob_id_used_by_txpdo_3;set_cob_id_used_by_txpdo_3;get_cob_id_used_by_txpdo_3;uint32_t
0x1802;0x2;Transmission Type in TxPDO 3;UNSIGNED8;RW;0;0;transmission_type_in_txpdo_3;set_transmission_type_in_txpdo_3;get_transmission_type_in_txpdo_3;uint8_t
0x1802;0x3;Inhibit Time in TxPDO 3;UNSIGNED16;RW;0;0;inhibit_time_in_txpdo_3;set_inhibit_time_in_txpdo_3;get_inhibit_time_in_txpdo_3;uint16_t
0x1803;0x0;Internal Largest SubIndex Supported in TxPDO 4;UNSIGNED8;RO;0;0;internal_largest_subindex_supported_in_txpdo_4;NA;get_internal_largest_subindex_supported_in_txpdo_4;uint8_t
0x1803;0x1;COB-ID used by TxPDO 4;UNSIGNED32;RW;0;0;cob_id_used_by_txpdo_4;set_cob_id_used_by_txpdo_4;get_cob_id_used_by_txpdo_4;uint32_t
0x1803;0x2;Transmission Type in TxPDO 4;UNSIGNED8;RW;0;0;transmission_type_in_txpdo_4;set_transmission_type_in_txpdo_4;get_transmission_type_in_txpdo_4;uint8_t
0x1803;0x3;Inhibit Time in TxPDO 4;UNSIGNED16;RW;0;0;inhibit_time_in_txpdo_4;set_inhibit_time_in_txpdo_4;get_inhibit_time_in_txpdo_4;uint16_t
0x1A00;0x0;Number of Mapped Application Objects in TxPDO 1;UNSIGNED8;RW;0;0;number_of_mapped_application_objects_in_txpdo_1;set_number_of_mapped_application_objects_in_txpdo_1;get_number_of_mapped_application_objects_in_txpdo_1;uint8_t
0x1A00;0x1;1st Mapped Object in TxPDO 1;UNSIGNED32;RW;0;0;_1st_mapped_object_in_txpdo_1;set_1st_mapped_object_in_txpdo_1;get_1st_mapped_object_in_txpdo_1;uint32_t
0x1A00;0x2;2nd Mapped Object in TxPDO 1;UNSIGNED32;RW;0;0;_2nd_mapped_object_in_txpdo_1;set_2nd_mapped_object_in_txpdo_1;get_2nd_mapped_object_in_txpdo_1;uint32_t
0x1A00;0x3;3rd Mapped Object in TxPDO 1;UNSIGNED32;RW;0;0;_3rd_mapped_object_in_txpdo_1;set_3rd_mapped_object_in_txpdo_1;get_3rd_mapped_object_in_txpdo_1;uint32_t
0x1A00;0x4;4th Mapped Object in TxPDO 1;UNSIGNED32;RW;0;0;_4th_mapped_object_in_txpdo_1;set_4th_mapped_object_in_txpdo_1;get_4th_mapped_object_in_txpdo_1;uint32_t
0x1A00;0x5;5th Mapped Object in TxPDO 1;UNSIGNED32;RW;0;0;_5th_mapped_object_in_txpdo_1;set_5th_mapped_object_in_txpdo_1;get_5th_mapped_object_in_txpdo_1;uint32_t
0x1A00;0x6;6th Mapped Object in TxPDO 1;UNSIGNED32;RW;0;0;_6th_mapped_object_in_txpdo_1;set_6th_mapped_object_in_txpdo_1;get_6th_mapped_object_in_txpdo_1;uint32_t
0x1A00;0x7;7th Mapped Object in TxPDO 1;UNSIGNED32;RW;0;0;_7th_mapped_object_in_txpdo_1;set_7th_mapped_object_in_txpdo_1;get_7th_mapped_object_in_txpdo_1;uint32_t
0x1A00;0x8;8th Mapped Object in TxPDO 1;UNSIGNED32;RW;0;0;_8th_mapped_object_in_txpdo_1;set_8th_mapped_object_in_txpdo_1;get_8th_mapped_object_in_txpdo_1;uint32_t
0x1A01;0x0;Number of Mapped Application Objects in TxPDO 2;UNSIGNED8;RW;0;0;number_of_mapped_application_objects_in_txpdo_2;set_number_of_mapped_application_objects_in_txpdo_2;get_number_of_mapped_application_objects_in_txpdo_2;uint8_t
0x1A01;0x1;1st Mapped Object in TxPDO 2;UNSIGNED32;RW;0;0;_1st_mapped_object_in_txpdo_2;set_1st_mapped_object_in_txpdo_2;get_1st_mapped_object_in_txpdo_2;uint32_t
0x1A01;0x2;2nd Mapped Object in TxPDO 2;UNSIGNED32;RW;0;0;_2nd_mapped_object_in_txpdo_2;set_2nd_mapped_object_in_txpdo_2;get_2nd_mapped_object_in_txpdo_2;uint32_t
0x1A01;0x3;3rd Mapped Object in TxPDO 2;UNSIGNED32;RW;0;0;_3rd_mapped_object_in_txpdo_2;set_3rd_mapped_object_in_txpdo_2;get_3rd_mapped_object_in_txpdo_2;uint32_t
0x1A01;0x4;4th Mapped Object in TxPDO 2;UNSIGNED32;RW;0;0;_4th_mapped_object_in_txpdo_2;set_4th_mapped_object_in_txpdo_2;get_4th_mapped_object_in_txpdo_2;uint32_t
0x1A01;0x5;5th Mapped Object in TxPDO 2;UNSIGNED32;RW;0;0;_5th_mapped_object_in_txpdo_2;set_5th_mapped_object_in_txpdo_2;get_5th_mapped_object_in_txpdo_2;uint32_t
0x1A01;0x6;6th Mapped Object in TxPDO 2;UNSIGNED32;RW;0;0;_6th_mapped_object_in_txpdo_2;set_6th_mapped_object_in_txpdo_2;get_6th_mapped_object_in_txpdo_2;uint32_t
0x1A01;0x7;7th Mapped Object in TxPDO 2;UNSIGNED32;RW;0;0;_7th_mapped_object_in_txpdo_2;set_7th_mapped_object_in_txpdo_2;get_7th_mapped_object_in_txpdo_2;uint32_t
0x1A01;0x8;8th Mapped Object in TxPDO 2;UNSIGNED32;RW;0;0;_8th_mapped_object_in_txpdo_2;set_8th_mapped_object_in_txpdo_2;get_8th_mapped_object_in_txpdo_2;uint32_t
0x1A02;0x0;Number of Mapped Application Objects in TxPDO 3;UNSIGNED8;RW;0;0;number_of_mapped_application_objects_in_txpdo_3;set_number_of_mapped_application_objects_in_txpdo_3;get_number_of_mapped_application_objects_in_txpdo_3;uint8_t
0x1A02;0x1;1st Mapped Object in TxPDO 3;UNSIGNED32;RW;0;0;_1st_mapped_object_in_txpdo_3;set_1st_mapped_object_in_txpdo_3;get_1st_mapped_object_in_txpdo_3;uint32_t
0x1A02;0x2;2nd Mapped Object in TxPDO 3;UNSIGNED32;RW;0;0;_2nd_mapped_object_in_txpdo_3;set_2nd_mapped_object_in_txpdo_3;get_2nd_mapped_object_in_txpdo_3;uint32_t
0x1A02;0x3;3rd Mapped Object in TxPDO 3;UNSIGNED32;RW;0;0;_3rd_mapped_object_in_txpdo_3;set_3rd_mapped_object_in_txpdo_3;get_3rd_mapped_object_in_txpdo_3;uint32_t
0x1A02;0x4;4th Mapped Object in TxPDO 3;UNSIGNED32;RW;0;0;_4th_mapped_object_in_txpdo_3;set_4th_mapped_object_in_txpdo_3;get_4th_mapped_object_in_txpdo_3;uint32_t
0x1A02;0x5;5th Mapped Object in TxPDO 3;UNSIGNED32;RW;0;0;_5th_mapped_object_in_txpdo_3;set_5th_mapped_object_in_txpdo_3;get_5th_mapped_object_in_txpdo_3;uint32_t
0x1A02;0x6;6th Mapped Object in TxPDO 3;UNSIGNED32;RW;0;0;_6th_mapped_object_in_txpdo_3;set_6th_mapped_object_in_txpdo_3;get_6th_mapped_object_in_txpdo_3;uint32_t
0x1A02;0x7;7th Mapped Object in TxPDO 3;UNSIGNED32;RW;0;0;_7th_mapped_object_in_txpdo_3;set_7th_mapped_object_in_txpdo_3;get_7th_mapped_object_in_txpdo_3;uint32_t
0x1A02;0x8;8th Mapped Object in TxPDO 3;UNSIGNED32;RW;0;0;_8th_mapped_object_in_txpdo_3;set_8th_mapped_object_in_txpdo_3;get_8th_mapped_object_in_txpdo_3;uint32_t
0x1A03;0x0;Number of Mapped Application Objects in TxPDO 4;UNSIGNED8;RW;0;0;number_of_mapped_application_objects_in_txpdo_4;set_number_of_mapped_application_objects_in_txpdo_4;get_number_of_mapped_application_objects_in_txpdo_4;uint8_t
0x1A03;0x1;1st Mapped Object in TxPDO 4;UNSIGNED32;RW;0;0;_1st_mapped_object_in_txpdo_4;set_1st_mapped_object_in_txpdo_4;get_1st_mapped_object_in_txpdo_4;uint32_t
0x1A03;0x2;2nd Mapped Object in TxPDO 4;UNSIGNED32;RW;0;0;_2nd_mapped_object_in_txpdo_4;set_2nd_mapped_object_in_txpdo_4;get_2nd_mapped_object_in_txpdo_4;uint32_t
0x1A03;0x3;3rd Mapped Object in TxPDO 4;UNSIGNED32;RW;0;0;_3rd_mapped_object_in_txpdo_4;set_3rd_mapped_object_in_txpdo_4;get_3rd_mapped_object_in_txpdo_4;uint32_t
0x1A03;0x4;4th Mapped Object in TxPDO 4;UNSIGNED32;RW;0;0;_4th_mapped_object_in_txpdo_4;set_4th_mapped_object_in_txpdo_4;get_4th_mapped_object_in_txpdo_4;uint32_t
0x1A03;0x5;5th Mapped Object in TxPDO 4;UNSIGNED32;RW;0;0;_5th_mapped_object_in_txpdo_4;set_5th_mapped_object_in_txpdo_4;get_5th_mapped_object_in_txpdo_4;uint32_t
0x1A03;0x6;6th Mapped Object in TxPDO 4;UNSIGNED32;RW;0;0;_6th_mapped_object_in_txpdo_4;set_6th_mapped_object_in_txpdo_4;get_6th_mapped_object_in_txpdo_4;uint32_t
0x1A03;0x7;7th Mapped Object in TxPDO 4;UNSIGNED32;RW;0;0;_7th_mapped_object_in_txpdo_4;set_7th_mapped_object_in_txpdo_4;get_7th_mapped_object_in_txpdo_4;uint32_t
0x1A03;0x8;8th Mapped Object in TxPDO 4;UNSIGNED32;RW;0;0;_8th_mapped_object_in_txpdo_4;set_8th_mapped_object_in_txpdo_4;get_8th_mapped_object_in_txpdo_4;uint32_t
0x2000;0x0;Node ID;UNSIGNED8;RW;0;0;node_id;set_node_id;get_node_id;uint8_t
0x2001;0x0;CAN Bitrate;UNSIGNED16;RW;0;0;can_bitrate;set_can_bitrate;get_can_bitrate;uint16_t
0x2002;0x0;RS232 Baudrate;UNSIGNED16;RW;0;0;rs232_baudrate;set_rs232_baudrate;get_rs232_baudrate;uint16_t
0x2003;0x0;Internal Number of Entries (5);UNSIGNED8;RO;0;0;internal_number_of_entries_5;NA;get_internal_number_of_entries_5;uint8_t
0x2003;0x1;Software Version;UNSIGNED16;RO;0;0;software_version;NA;get_software_version;uint16_t
0x2003;0x2;Hardware Version;UNSIGNED16;RO;0;0;hardware_version;NA;get_hardware_version;uint16_t
0x2003;0x3;Application Number;UNSIGNED16;RO;0;0;application_number;NA;get_application_number;uint16_t
0x2003;0x4;Application Version;UNSIGNED16;RO;0;0;application_version;NA;get_application_version;uint16_t
0x2003;0x5;Basesector Version;UNSIGNED16;RO;0;0;basesector_version;NA;get_basesector_version;uint16_t
0x2004;0x0;Serial Number (2);UNSIGNED64;CONST;0;0;serial_number_2;NA;get_serial_number_2;uint64_t
0x2005;0x0;RS232 Frame Timeout;UNSIGNED16;RW;0;0;rs232_frame_timeout;set_rs232_frame_timeout;get_rs232_frame_timeout;uint16_t
0x2006;0x0;USB Frame Timeout;UNSIGNED16;RW;0;0;usb_frame_timeout;set_usb_frame_timeout;get_usb_frame_timeout;uint16_t
0x2008;0x0;Miscellaneous Configuration;UNSIGNED16;RW;0;0;miscellaneous_configuration;set_miscellaneous_configuration;get_miscellaneous_configuration;uint16_t
0x2009;0x0;Internal Dip Switch State;UNSIGNED16;RO;1;0;internal_dip_switch_state;NA;get_internal_dip_switch_state;uint16_t
0x200A;0x0;CAN Bitrate Display;UNSIGNED16;RO;0;0;can_bitrate_display;NA;get_can_bitrate_display;uint16_t
0x200C;0x0;Internal Number of Entries (6);UNSIGNED8;RO;1;1;internal_number_of_entries_6;NA;get_internal_number_of_entries_6;uint8_t
0x200C;0x1;Custom persistent memory 1;UNSIGNED32;RW;0;0;custom_persistent_memory_1;set_custom_persistent_memory_1;get_custom_persistent_memory_1;uint32_t
0x200C;0x2;Custom persistent memory 2;UNSIGNED32;RW;0;0;custom_persistent_memory_2;set_custom_persistent_memory_2;get_custom_persistent_memory_2;uint32_t
0x200C;0x3;Custom persistent memory 3;UNSIGNED32;RW;0;0;custom_persistent_memory_3;set_custom_persistent_memory_3;get_custom_persistent_memory_3;uint32_t
0x200C;0x4;Custom persistent memory4;UNSIGNED32;RW;0;0;custom_persistent_memory4;set_custom_persistent_memory4;get_custom_persistent_memory4;uint32_t
0x2010;0x0;Internal DataRecorder Control;UNSIGNED16;RW;1;1;internal_datarecorder_control;set_internal_datarecorder_control;get_internal_datarecorder_control;uint16_t
0x2011;0x0;Internal DataRecorder Configuration;UNSIGNED16;RW;0;0;internal_datarecorder_configuration;set_internal_datarecorder_configuration;get_internal_datarecorder_configuration;uint16_t
0x2012;0x0;Internal DataRecorder Sampling Period;UNSIGNED16;RW;0;0;internal_datarecorder_sampling_period;set_internal_datarecorder_sampling_period;get_internal_datarecorder_sampling_period;uint16_t
0x2013;0x0;Internal DataRecorder Number of Preceding Samples;UNSIGNED16;RW;0;0;internal_datarecorder_number_of_preceding_samples;set_internal_datarecorder_number_of_preceding_samples;get_internal_datarecorder_number_of_preceding_samples;uint16_t
0x2014;0x0;Internal DataRecorder Number of Sampling Variables;UNSIGNED16;RW;0;0;internal_datarecorder_number_of_sampling_variables;set_internal_datarecorder_number_of_sampling_variables;get_internal_datarecorder_number_of_sampling_variables;uint16_t
0x2015;0x0;Internal Number of Entries (7);UNSIGNED8;RO;1;1;internal_number_of_entries_7;NA;get_internal_number_of_entries_7;uint8_t
0x2015;0x1;Internal DataRecorder Index of Variable 1;UNSIGNED16;RW;0;0;internal_datarecorder_index_of_variable_1;set_internal_datarecorder_index_of_variable_1;get_internal_datarecorder_index_of_variable_1;uint16_t
0x2015;0x2;Internal DataRecorder Index of Variable 2;UNSIGNED16;RW;0;0;internal_datarecorder_index_of_variable_2;set_internal_datarecorder_index_of_variable_2;get_internal_datarecorder_index_of_variable_2;uint16_t
0x2015;0x3;Internal DataRecorder Index of Variable 3;UNSIGNED16;RW;0;0;internal_datarecorder_index_of_variable_3;set_internal_datarecorder_index_of_variable_3;get_internal_datarecorder_index_of_variable_3;uint16_t
0x2015;0x4;Internal DataRecorder Index of Variable 4;UNSIGNED16;RW;0;0;internal_datarecorder_index_of_variable_4;set_internal_datarecorder_index_of_variable_4;get_internal_datarecorder_index_of_variable_4;uint16_t
0x2016;0x0;Internal Number of Entries (8);UNSIGNED8;RO;1;1;internal_number_of_entries_8;NA;get_internal_number_of_entries_8;uint8_t
0x2016;0x1;Internal DataRecorder SubIndex of Variable 1;UNSIGNED16;RW;0;0;internal_datarecorder_subindex_of_variable_1;set_internal_datarecorder_subindex_of_variable_1;get_internal_datarecorder_subindex_of_variable_1;uint16_t
0x2016;0x2;Internal DataRecorder SubIndex of Variable 2;UNSIGNED16;RW;0;0;internal_datarecorder_subindex_of_variable_2;set_internal_datarecorder_subindex_of_variable_2;get_internal_datarecorder_subindex_of_variable_2;uint16_t
0x2016;0x3;Internal DataRecorder SubIndex of Variable 3;UNSIGNED16;RW;0;0;internal_datarecorder_subindex_of_variable_3;set_internal_datarecorder_subindex_of_variable_3;get_internal_datarecorder_subindex_of_variable_3;uint16_t
0x2016;0x4;Internal DataRecorder SubIndex of Variable 4;UNSIGNED16;RW;0;0;internal_datarecorder_subindex_of_variable_4;set_internal_datarecorder_subindex_of_variable_4;get_internal_datarecorder_subindex_of_variable_4;uint16_t
0x2017;0x0;Internal DataRecorder Status;UNSIGNED16;RO;1;1;internal_datarecorder_status;NA;get_internal_datarecorder_status;uint16_t
0x2018;0x0;Internal DataRecorder Max Number of Samples;UNSIGNED16;RO;1;1;internal_datarecorder_max_number_of_samples;NA;get_internal_datarecorder_max_number_of_samples;uint16_t
0x2019;0x0;Internal DataRecorder Number of Recorded Samples;UNSIGNED16;RO;1;1;internal_datarecorder_number_of_recorded_samples;NA;get_internal_datarecorder_number_of_recorded_samples;uint16_t
0x201A;0x0;Internal DataRecorder Vector Start Offset;UNSIGNED16;RO;1;1;internal_datarecorder_vector_start_offset;NA;get_internal_datarecorder_vector_start_offset;uint16_t
0x201B;0x0;Internal DataRecorder Data Buffer;DOMAIN;RW;1;1;internal_datarecorder_data_buffer;set_internal_datarecorder_data_buffer;get_internal_datarecorder_data_buffer;unknown_t
0x2020;0x0;Incremental Encoder 1 Counter;UNSIGNED32;RO;0;1;incremental_encoder_1_counter;NA;get_incremental_encoder_1_counter;uint32_t
0x2021;0x0;Incremental Encoder 1 Counter at Index Pulse;UNSIGNED32;RO;0;1;incremental_encoder_1_counter_at_index_pulse;NA;get_incremental_encoder_1_counter_at_index_pulse;uint32_t
0x2022;0x0;Hall Sensor Pattern;UNSIGNED16;RO;0;1;hall_sensor_pattern;NA;get_hall_sensor_pattern;uint16_t
0x2023;0x0;Internal Object Actual Rotor Angle;UNSIGNED16;RW;1;1;internal_object_actual_rotor_angle;set_internal_object_actual_rotor_angle;get_internal_object_actual_rotor_angle;uint16_t
0x2024;0x0;Internal System State;UNSIGNED16;RO;1;1;internal_system_state;NA;get_internal_system_state;uint16_t
0x2025;0x0;Internal Object Reserved;UNSIGNED32;WO;1;1;internal_object_reserved;set_internal_object_reserved;NA;uint32_t
0x2026;0x0;Internal Object Number of Entries;UNSIGNED8;RO;1;1;internal_object_number_of_entries;NA;get_internal_object_number_of_entries;uint8_t
0x2026;0x1;Internal Object MemoryAddress;UNSIGNED32;RW;1;1;internal_object_memoryaddress;set_internal_object_memoryaddress;get_internal_object_memoryaddress;uint32_t
0x2026;0x2;Internal Object MemoryValue;UNSIGNED16;RW;1;1;internal_object_memoryvalue;set_internal_object_memoryvalue;get_internal_object_memoryvalue;uint16_t
0x2027;0x0;Current Actual Value Averaged;INTEGER16;RO;0;1;current_actual_value_averaged;NA;get_current_actual_value_averaged;int16_t
0x2028;0x0;Velocity Actual Value Averaged;INTEGER32;RO;0;1;velocity_actual_value_averaged;NA;get_velocity_actual_value_averaged;int32_t
0x2029;0x0;Auxiliary Velocity Actual Value Averaged;INTEGER32;RO;0;1;auxiliary_velocity_actual_value_averaged;NA;get_auxiliary_velocity_actual_value_averaged;int32_t
0x202C;0x0;Internal Object Number of Entries (2);UNSIGNED8;RO;1;1;internal_object_number_of_entries_2;NA;get_internal_object_number_of_entries_2;uint8_t
0x202C;0x1;Internal Object Main Position Sensor Resolution;UNSIGNED32;RO;1;0;internal_object_main_position_sensor_resolution;NA;get_internal_object_main_position_sensor_resolution;uint32_t
0x202C;0x2;Internal Object Maximal Velocity Limit;UNSIGNED32;RO;1;1;internal_object_maximal_velocity_limit;NA;get_internal_object_maximal_velocity_limit;uint32_t
0x202C;0x3;Internal Object Auxiliary Position Sensor Resolution;UNSIGNED32;RO;1;1;internal_object_auxiliary_position_sensor_resolution;NA;get_internal_object_auxiliary_position_sensor_resolution;uint32_t
0x202D;0x0;Internal Object Number of Entries (3);UNSIGNED8;RO;1;1;internal_object_number_of_entries_3;NA;get_internal_object_number_of_entries_3;uint8_t
0x202D;0x1;Internal Object Maximum measured angle difference;INTEGER16;RO;1;0;internal_object_maximum_measured_angle_difference;NA;get_internal_object_maximum_measured_angle_difference;int16_t
0x202D;0x2;Internal Object Minimum measured angle difference;INTEGER16;RO;1;0;internal_object_minimum_measured_angle_difference;NA;get_internal_object_minimum_measured_angle_difference;int16_t
0x202D;0x3;Internal Object Angle difference overflow counter;UNSIGNED16;RO;1;0;internal_object_angle_difference_overflow_counter;NA;get_internal_object_angle_difference_overflow_counter;uint16_t
0x202D;0x4;Internal Object Angle Error factor 2 pole motor;UNSIGNED16;RW;0;0;internal_object_angle_error_factor_2_pole_motor;set_internal_object_angle_error_factor_2_pole_motor;get_internal_object_angle_error_factor_2_pole_motor;uint16_t
0x202D;0x5;Internal Object Angle Error factor N pole motor;UNSIGNED16;RW;0;0;internal_object_angle_error_factor_n_pole_motor;set_internal_object_angle_error_factor_n_pole_motor;get_internal_object_angle_error_factor_n_pole_motor;uint16_t
0x202E;0x0;Internal Object Number of Entries (4);UNSIGNED8;RO;0;0;internal_object_number_of_entries_4;NA;get_internal_object_number_of_entries_4;uint8_t
0x202E;0x1;Internal Object ADC NTC temperature value;UNSIGNED16;RO;1;1;internal_object_adc_ntc_temperature_value;NA;get_internal_object_adc_ntc_temperature_value;uint16_t
0x202E;0x2;Internal Object ADC current U (W1);INTEGER16;RO;1;1;internal_object_adc_current_u_w1;NA;get_internal_object_adc_current_u_w1;int16_t
0x202E;0x3;Internal Object ADC current V (W2);INTEGER16;RO;1;1;internal_object_adc_current_v_w2;NA;get_internal_object_adc_current_v_w2;int16_t
0x202E;0x4;Internal Object ADC Input voltage;UNSIGNED16;RO;1;1;internal_object_adc_input_voltage;NA;get_internal_object_adc_input_voltage;uint16_t
0x202E;0x5;Internal Object ADC Gate driver voltage;UNSIGNED16;RO;1;1;internal_object_adc_gate_driver_voltage;NA;get_internal_object_adc_gate_driver_voltage;uint16_t
0x202E;0x6;Internal Object ADC Sine entry Voltage;UNSIGNED16;RO;1;1;internal_object_adc_sine_entry_voltage;NA;get_internal_object_adc_sine_entry_voltage;uint16_t
0x202E;0x7;Internal Object ADC Cosine entry Voltage;UNSIGNED16;RO;1;1;internal_object_adc_cosine_entry_voltage;NA;get_internal_object_adc_cosine_entry_voltage;uint16_t
0x202E;0x8;Internal Object ADC CAN-ID Switch 1;UNSIGNED16;RO;1;1;internal_object_adc_can_id_switch_1;NA;get_internal_object_adc_can_id_switch_1;uint16_t
0x202E;0x9;Internal Object ADC CAN-ID Switch 2;UNSIGNED16;RO;1;1;internal_object_adc_can_id_switch_2;NA;get_internal_object_adc_can_id_switch_2;uint16_t
0x2030;0x0;Current Mode Setting Value;INTEGER16;RW;1;1;current_mode_setting_value;set_current_mode_setting_value;get_current_mode_setting_value;int16_t
0x2031;0x0;Current Demand Value;INTEGER16;RO;0;1;current_demand_value;NA;get_current_demand_value;int16_t
0x2062;0x0;Position Mode Setting Value;INTEGER32;RW;1;1;position_mode_setting_value;set_position_mode_setting_value;get_position_mode_setting_value;int32_t
0x2069;0x0;Auxiliary Velocity Sensor Actual Value;INTEGER32;RO;0;1;auxiliary_velocity_sensor_actual_value;NA;get_auxiliary_velocity_sensor_actual_value;int32_t
0x206B;0x0;Velocity Mode Setting Value;INTEGER32;RW;1;1;velocity_mode_setting_value;set_velocity_mode_setting_value;get_velocity_mode_setting_value;int32_t
0x206C;0x0;Auxiliary Velocity Actual Value;INTEGER32;RO;0;1;auxiliary_velocity_actual_value;NA;get_auxiliary_velocity_actual_value;int32_t
0x2070;0x0;Internal Number of Entries (9);UNSIGNED8;RO;1;1;internal_number_of_entries_9;NA;get_internal_number_of_entries_9;uint8_t
0x2070;0x1;Configuration of Digital Input1;UNSIGNED16;RW;0;0;configuration_of_digital_input1;set_configuration_of_digital_input1;get_configuration_of_digital_input1;uint16_t
0x2070;0x2;Configuration of Digital Input2;UNSIGNED16;RW;0;0;configuration_of_digital_input2;set_configuration_of_digital_input2;get_configuration_of_digital_input2;uint16_t
0x2070;0x3;Configuration of Digital Input3;UNSIGNED16;RW;0;0;configuration_of_digital_input3;set_configuration_of_digital_input3;get_configuration_of_digital_input3;uint16_t
0x2070;0x4;Configuration of Digital Input4;UNSIGNED16;RW;0;0;configuration_of_digital_input4;set_configuration_of_digital_input4;get_configuration_of_digital_input4;uint16_t
0x2070;0x5;Configuration of Digital Input5;UNSIGNED16;RW;0;0;configuration_of_digital_input5;set_configuration_of_digital_input5;get_configuration_of_digital_input5;uint16_t
0x2070;0x6;Configuration of Digital Input6;UNSIGNED16;RW;0;0;configuration_of_digital_input6;set_configuration_of_digital_input6;get_configuration_of_digital_input6;uint16_t
0x2070;0x7;Configuration of Digital Input7;UNSIGNED16;RW;0;0;configuration_of_digital_input7;set_configuration_of_digital_input7;get_configuration_of_digital_input7;uint16_t
0x2070;0x8;Configuration of Digital Input8;UNSIGNED16;RW;0;0;configuration_of_digital_input8;set_configuration_of_digital_input8;get_configuration_of_digital_input8;uint16_t
0x2070;0x9;Configuration of Digital Input9;UNSIGNED16;RW;0;0;configuration_of_digital_input9;set_configuration_of_digital_input9;get_configuration_of_digital_input9;uint16_t
0x2071;0x0;Internal Number of Entries (10);UNSIGNED8;RO;1;1;internal_number_of_entries_10;NA;get_internal_number_of_entries_10;uint8_t
0x2071;0x1;Digital Input Functionalities State;UNSIGNED16;RO;0;1;digital_input_functionalities_state;NA;get_digital_input_functionalities_state;uint16_t
0x2071;0x2;Digital Input Functionalities Mask;UNSIGNED16;RW;0;0;digital_input_functionalities_mask;set_digital_input_functionalities_mask;get_digital_input_functionalities_mask;uint16_t
0x2071;0x3;Digital Input Functionalities Polarity;UNSIGNED16;RW;0;0;digital_input_functionalities_polarity;set_digital_input_functionalities_polarity;get_digital_input_functionalities_polarity;uint16_t
0x2071;0x4;Digital Input Functionalities Execution Mask;UNSIGNED16;RW;0;0;digital_input_functionalities_execution_mask;set_digital_input_functionalities_execution_mask;get_digital_input_functionalities_execution_mask;uint16_t
0x2074;0x0;Internal Number of Entries (11);UNSIGNED8;RO;1;1;internal_number_of_entries_11;NA;get_internal_number_of_entries_11;uint8_t
0x2074;0x1;Position Marker Captured Position;INTEGER32;RO;0;1;position_marker_captured_position;NA;get_position_marker_captured_position;int32_t
0x2074;0x2;Position Marker Edge Type;UNSIGNED8;RW;0;0;position_marker_edge_type;set_position_marker_edge_type;get_position_marker_edge_type;uint8_t
0x2074;0x3;Position Marker Mode;UNSIGNED8;RW;0;0;position_marker_mode;set_position_marker_mode;get_position_marker_mode;uint8_t
0x2074;0x4;Position Marker Counter;UNSIGNED16;RW;1;1;position_marker_counter;set_position_marker_counter;get_position_marker_counter;uint16_t
0x2074;0x5;Position Marker History (1);INTEGER32;RO;1;1;position_marker_history_1;NA;get_position_marker_history_1;int32_t
0x2074;0x6;Position Marker History (2);INTEGER32;RO;1;1;position_marker_history_2;NA;get_position_marker_history_2;int32_t
0x2078;0x0;Internal Number of Entries (12);UNSIGNED8;RO;1;1;internal_number_of_entries_12;NA;get_internal_number_of_entries_12;uint8_t
0x2078;0x1;Digital Output State;UNSIGNED16;RW;1;1;digital_output_state;set_digital_output_state;get_digital_output_state;uint16_t
0x2078;0x2;Digital Output Mask;UNSIGNED16;RW;0;0;digital_output_mask;set_digital_output_mask;get_digital_output_mask;uint16_t
0x2078;0x3;Digital Output Polarity;UNSIGNED16;RW;0;0;digital_output_polarity;set_digital_output_polarity;get_digital_output_polarity;uint16_t
0x2079;0x0;Internal Number of Entries (13);UNSIGNED8;RO;1;1;internal_number_of_entries_13;NA;get_internal_number_of_entries_13;uint8_t
0x2079;0x1;Configuration of Digital Output1;UNSIGNED16;RW;0;0;configuration_of_digital_output1;set_configuration_of_digital_output1;get_configuration_of_digital_output1;uint16_t
0x2079;0x2;Configuration of Digital Output2;UNSIGNED16;RW;0;0;configuration_of_digital_output2;set_configuration_of_digital_output2;get_configuration_of_digital_output2;uint16_t
0x2079;0x3;Configuration of Digital Output3;UNSIGNED16;RW;0;0;configuration_of_digital_output3;set_configuration_of_digital_output3;get_configuration_of_digital_output3;uint16_t
0x2079;0x4;Configuration of Digital Output4;UNSIGNED16;RW;0;0;configuration_of_digital_output4;set_configuration_of_digital_output4;get_configuration_of_digital_output4;uint16_t
0x2079;0x5;Configuration of Digital Output5;UNSIGNED16;RW;0;0;configuration_of_digital_output5;set_configuration_of_digital_output5;get_configuration_of_digital_output5;uint16_t
0x207A;0x0;Internal Number of Entries (14);UNSIGNED8;RO;1;1;internal_number_of_entries_14;NA;get_internal_number_of_entries_14;uint8_t
0x207A;0x1;Position Compare Configuration;UNSIGNED16;RW;1;1;position_compare_configuration;set_position_compare_configuration;get_position_compare_configuration;uint16_t
0x207A;0x2;Position Compare Reference Position;INTEGER32;RW;1;1;position_compare_reference_position;set_position_compare_reference_position;get_position_compare_reference_position;int32_t
0x207A;0x3;Position Compare Interval Width;INTEGER32;RW;0;0;position_compare_interval_width;set_position_compare_interval_width;get_position_compare_interval_width;int32_t
0x207A;0x4;Position Compare Interval Repetitions;UNSIGNED16;RW;0;0;position_compare_interval_repetitions;set_position_compare_interval_repetitions;get_position_compare_interval_repetitions;uint16_t
0x207A;0x5;Position Compare Pulse Width;UNSIGNED16;RW;0;0;position_compare_pulse_width;set_position_compare_pulse_width;get_position_compare_pulse_width;uint16_t
0x207B;0x0;Internal Number of Entries (15);UNSIGNED8;RO;1;1;internal_number_of_entries_15;NA;get_internal_number_of_entries_15;uint8_t
0x207B;0x1;Configuration of Analog Input1;UNSIGNED16;RW;0;0;configuration_of_analog_input1;set_configuration_of_analog_input1;get_configuration_of_analog_input1;uint16_t
0x207B;0x2;Configuration of Analog Input2;UNSIGNED16;RW;0;0;configuration_of_analog_input2;set_configuration_of_analog_input2;get_configuration_of_analog_input2;uint16_t
0x207C;0x0;Internal Number of Entries (16);UNSIGNED8;RO;1;1;internal_number_of_entries_16;NA;get_internal_number_of_entries_16;uint8_t
0x207C;0x1;Analog Input 1;INTEGER16;RO;0;1;analog_input_1;NA;get_analog_input_1;int16_t
0x207C;0x2;Analog Input 2;INTEGER16;RO;0;1;analog_input_2;NA;get_analog_input_2;int16_t
0x207D;0x0;Analog Input Functionalities Execution Mask;UNSIGNED16;RW;0;0;analog_input_functionalities_execution_mask;set_analog_input_functionalities_execution_mask;get_analog_input_functionalities_execution_mask;uint16_t
0x207E;0x0;Analog Output 1;UNSIGNED16;RW;1;1;analog_output_1;set_analog_output_1;get_analog_output_1;uint16_t
0x2080;0x0;Current Threshold for Homing Mode;UNSIGNED16;RW;1;1;current_threshold_for_homing_mode;set_current_threshold_for_homing_mode;get_current_threshold_for_homing_mode;uint16_t
0x2081;0x0;Home Position;INTEGER32;RW;1;1;home_position;set_home_position;get_home_position;int32_t
0x2082;0x0;Home Position Displacement;INTEGER32;RO;1;0;home_position_displacement;NA;get_home_position_displacement;int32_t
0x20C1;0x0;Interpolation Data Record;UNSIGNED64;WO;1;0;interpolation_data_record;set_interpolation_data_record;NA;uint64_t
0x20C4;0x0;Internal Number of Entries (17);UNSIGNED8;RO;1;1;internal_number_of_entries_17;NA;get_internal_number_of_entries_17;uint8_t
0x20C4;0x1;Interpolation Buffer Status;UNSIGNED16;RO;0;1;interpolation_buffer_status;NA;get_interpolation_buffer_status;uint16_t
0x20C4;0x2;Interpolation Buffer Underflow Warning;UNSIGNED16;RW;0;0;interpolation_buffer_underflow_warning;set_interpolation_buffer_underflow_warning;get_interpolation_buffer_underflow_warning;uint16_t
0x20C4;0x3;Interpolation Buffer Overflow Warning;UNSIGNED16;RW;0;0;interpolation_buffer_overflow_warning;set_interpolation_buffer_overflow_warning;get_interpolation_buffer_overflow_warning;uint16_t
0x20F4;0x0;Following Error Actual Value;INTEGER16;RO;0;1;following_error_actual_value;NA;get_following_error_actual_value;int16_t
0x2100;0x0;Internal Number of Entries (18);UNSIGNED8;RO;1;1;internal_number_of_entries_18;NA;get_internal_number_of_entries_18;uint8_t
0x2100;0x1;Brake Reaction Rise Time;UNSIGNED16;RW;0;0;brake_reaction_rise_time;set_brake_reaction_rise_time;get_brake_reaction_rise_time;uint16_t
0x2100;0x2;Brake Reaction Fall Time;UNSIGNED16;RW;0;0;brake_reaction_fall_time;set_brake_reaction_fall_time;get_brake_reaction_fall_time;uint16_t
0x2100;0x3;Brake Timeout;UNSIGNED16;RW;0;0;brake_timeout;set_brake_timeout;get_brake_timeout;uint16_t
0x2101;0x0;Internal Number of Entries (19);UNSIGNED8;RO;1;1;internal_number_of_entries_19;NA;get_internal_number_of_entries_19;uint8_t
0x2101;0x1;Standstill Window;UNSIGNED16;RW;0;0;standstill_window;set_standstill_window;get_standstill_window;uint16_t
0x2101;0x2;Standstill Window Time;UNSIGNED16;RW;0;0;standstill_window_time;set_standstill_window_time;get_standstill_window_time;uint16_t
0x2101;0x3;Standstill Timeout;UNSIGNED16;RW;0;0;standstill_timeout;set_standstill_timeout;get_standstill_timeout;uint16_t
0x2210;0x0;Internal Number of Entries (20);UNSIGNED8;RO;1;1;internal_number_of_entries_20;NA;get_internal_number_of_entries_20;uint8_t
0x2210;0x1;Pulse Number Incremental Encoder 1;UNSIGNED32;RW;0;0;pulse_number_incremental_encoder_1;set_pulse_number_incremental_encoder_1;get_pulse_number_incremental_encoder_1;uint32_t
0x2210;0x2;Position Sensor Type;UNSIGNED16;RW;0;0;position_sensor_type;set_position_sensor_type;get_position_sensor_type;uint16_t
0x2210;0x3;Internal Absolute Position Offset;UNSIGNED16;RW;0;0;internal_absolute_position_offset;set_internal_absolute_position_offset;get_internal_absolute_position_offset;uint16_t
0x2210;0x4;Position Sensor Polarity;UNSIGNED16;RW;0;0;position_sensor_polarity;set_position_sensor_polarity;get_position_sensor_polarity;uint16_t
0x2211;0x0;Internal Number of Entries (21);UNSIGNED8;RO;1;1;internal_number_of_entries_21;NA;get_internal_number_of_entries_21;uint8_t
0x2211;0x1;SSI Encoder Data Rate;UNSIGNED16;RW;0;0;ssi_encoder_data_rate;set_ssi_encoder_data_rate;get_ssi_encoder_data_rate;uint16_t
0x2211;0x2;SSI Encoder Number of Data Bits;UNSIGNED16;RW;0;0;ssi_encoder_number_of_data_bits;set_ssi_encoder_number_of_data_bits;get_ssi_encoder_number_of_data_bits;uint16_t
0x2211;0x3;SSI Encoder Actual Position;INTEGER32;RO;1;1;ssi_encoder_actual_position;NA;get_ssi_encoder_actual_position;int32_t
0x2211;0x4;SSI Encoder Encoding Type;UNSIGNED16;RW;0;0;ssi_encoder_encoding_type;set_ssi_encoder_encoding_type;get_ssi_encoder_encoding_type;uint16_t
0x2212;0x0;Internal Number of Entries (22);UNSIGNED8;RO;1;1;internal_number_of_entries_22;NA;get_internal_number_of_entries_22;uint8_t
0x2212;0x1;Incremental Encoder 2 Pulse Number;UNSIGNED32;RW;0;0;incremental_encoder_2_pulse_number;set_incremental_encoder_2_pulse_number;get_incremental_encoder_2_pulse_number;uint32_t
0x2212;0x2;Incremental Encoder 2 Counter;UNSIGNED32;RO;0;1;incremental_encoder_2_counter;NA;get_incremental_encoder_2_counter;uint32_t
0x2212;0x3;Incremental Encoder 2 Counter at Index Pulse;UNSIGNED32;RO;0;1;incremental_encoder_2_counter_at_index_pulse;NA;get_incremental_encoder_2_counter_at_index_pulse;uint32_t
0x2213;0x0;Internal Number of Entries (23);UNSIGNED8;RO;1;1;internal_number_of_entries_23;NA;get_internal_number_of_entries_23;uint8_t
0x2213;0x1;Sinus Incremental Encoder 2 Resolution;UNSIGNED32;RW;0;0;sinus_incremental_encoder_2_resolution;set_sinus_incremental_encoder_2_resolution;get_sinus_incremental_encoder_2_resolution;uint32_t
0x2213;0x2;Sinus Incremental Encoder 2 Actual Position;INTEGER32;RO;1;1;sinus_incremental_encoder_2_actual_position;NA;get_sinus_incremental_encoder_2_actual_position;int32_t
0x2213;0x3;Internal Sinus Incremental Encoder 2 Actual Angle;UNSIGNED16;RO;1;1;internal_sinus_incremental_encoder_2_actual_angle;NA;get_internal_sinus_incremental_encoder_2_actual_angle;uint16_t
0x2220;0x0;Controller Structure;UNSIGNED16;RW;0;0;controller_structure;set_controller_structure;get_controller_structure;uint16_t
0x2230;0x0;Internal Number of Entries (24);UNSIGNED8;RO;1;1;internal_number_of_entries_24;NA;get_internal_number_of_entries_24;uint8_t
0x2230;0x1;Gear Ratio Numerator;UNSIGNED32;RW;0;0;gear_ratio_numerator;set_gear_ratio_numerator;get_gear_ratio_numerator;uint32_t
0x2230;0x2;Gear Ratio Denominator;UNSIGNED16;RW;0;0;gear_ratio_denominator;set_gear_ratio_denominator;get_gear_ratio_denominator;uint16_t
0x2230;0x3;Gear Maximal Speed;UNSIGNED32;RW;0;0;gear_maximal_speed;set_gear_maximal_speed;get_gear_maximal_speed;uint32_t
0x2240;0x0;Internal Number of Entries (25);UNSIGNED8;RO;1;1;internal_number_of_entries_25;NA;get_internal_number_of_entries_25;uint8_t
0x2240;0x1;Internal SSI Encoder State;UNSIGNED16;RW;0;0;internal_ssi_encoder_state;set_internal_ssi_encoder_state;get_internal_ssi_encoder_state;uint16_t
0x2240;0x2;Internal SSI Encoder Zero Position Reference;INTEGER32;RO;1;0;internal_ssi_encoder_zero_position_reference;NA;get_internal_ssi_encoder_zero_position_reference;int32_t
0x2300;0x0;Internal Number of Entries (26);UNSIGNED8;RO;1;1;internal_number_of_entries_26;NA;get_internal_number_of_entries_26;uint8_t
0x2300;0x1;Digital Position Desired Value;INTEGER32;RO;1;1;digital_position_desired_value;NA;get_digital_position_desired_value;int32_t
0x2300;0x2;Digital Position Scaling Numerator;UNSIGNED16;RW;0;0;digital_position_scaling_numerator;set_digital_position_scaling_numerator;get_digital_position_scaling_numerator;uint16_t
0x2300;0x3;Digital Position Scaling Denominator;UNSIGNED16;RW;0;0;digital_position_scaling_denominator;set_digital_position_scaling_denominator;get_digital_position_scaling_denominator;uint16_t
0x2300;0x4;Digital Position Polarity;UNSIGNED8;RW;0;0;digital_position_polarity;set_digital_position_polarity;get_digital_position_polarity;uint8_t
0x2300;0x5;Digital Position Offset;INTEGER32;RW;0;0;digital_position_offset;set_digital_position_offset;get_digital_position_offset;int32_t
0x2301;0x0;Internal Number of Entries (27);UNSIGNED8;RO;1;1;internal_number_of_entries_27;NA;get_internal_number_of_entries_27;uint8_t
0x2301;0x1;Analog Current Setpoint Scaling;INTEGER16;RW;0;0;analog_current_setpoint_scaling;set_analog_current_setpoint_scaling;get_analog_current_setpoint_scaling;int16_t
0x2301;0x2;Analog Current Setpoint Offset;INTEGER16;RW;0;0;analog_current_setpoint_offset;set_analog_current_setpoint_offset;get_analog_current_setpoint_offset;int16_t
0x2301;0x3;Analog Current Setpoint Notation Index;INTEGER8;RW;0;0;analog_current_setpoint_notation_index;set_analog_current_setpoint_notation_index;get_analog_current_setpoint_notation_index;int8_t
0x2301;0x4;Analog Current Setpoint;INTEGER16;RO;1;1;analog_current_setpoint;NA;get_analog_current_setpoint;int16_t
0x2302;0x0;Internal Number of Entries (28);UNSIGNED8;RO;1;1;internal_number_of_entries_28;NA;get_internal_number_of_entries_28;uint8_t
0x2302;0x1;Analog Velocity Setpoint Scaling;INTEGER16;RW;0;0;analog_velocity_setpoint_scaling;set_analog_velocity_setpoint_scaling;get_analog_velocity_setpoint_scaling;int16_t
0x2302;0x2;Analog Velocity Setpoint Offset;INTEGER32;RW;0;0;analog_velocity_setpoint_offset;set_analog_velocity_setpoint_offset;get_analog_velocity_setpoint_offset;int32_t
0x2302;0x3;Analog Velocity Setpoint Notation Index;INTEGER8;RW;0;0;analog_velocity_setpoint_notation_index;set_analog_velocity_setpoint_notation_index;get_analog_velocity_setpoint_notation_index;int8_t
0x2302;0x4;Analog Velocity Setpoint;INTEGER32;RO;1;1;analog_velocity_setpoint;NA;get_analog_velocity_setpoint;int32_t
0x2303;0x0;Internal Number of Entries (29);UNSIGNED8;RO;1;1;internal_number_of_entries_29;NA;get_internal_number_of_entries_29;uint8_t
0x2303;0x1;Analog Position Setpoint Scaling;INTEGER16;RW;0;0;analog_position_setpoint_scaling;set_analog_position_setpoint_scaling;get_analog_position_setpoint_scaling;int16_t
0x2303;0x2;Analog Position Setpoint Offset;INTEGER32;RW;0;0;analog_position_setpoint_offset;set_analog_position_setpoint_offset;get_analog_position_setpoint_offset;int32_t
0x2303;0x3;Analog Position Setpoint Notation Index;INTEGER8;RW;0;0;analog_position_setpoint_notation_index;set_analog_position_setpoint_notation_index;get_analog_position_setpoint_notation_index;int8_t
0x2303;0x4;Analog Position Setpoint;INTEGER32;RO;1;1;analog_position_setpoint;NA;get_analog_position_setpoint;int32_t
0x2400;0x0;Internal Number of Entries (30);UNSIGNED8;RO;1;1;internal_number_of_entries_30;NA;get_internal_number_of_entries_30;uint8_t
0x2400;0x1;Internal Cut-off Frequency of Oscillator;UNSIGNED16;RW;1;1;internal_cut_off_frequency_of_oscillator;set_internal_cut_off_frequency_of_oscillator;get_internal_cut_off_frequency_of_oscillator;uint16_t
0x2400;0x2;Internal Target Amplitude of Oscillation;UNSIGNED32;RW;1;1;internal_target_amplitude_of_oscillation;set_internal_target_amplitude_of_oscillation;get_internal_target_amplitude_of_oscillation;uint32_t
0x2400;0x3;Internal Oscillation Control;UNSIGNED16;RW;1;1;internal_oscillation_control;set_internal_oscillation_control;get_internal_oscillation_control;uint16_t
0x2401;0x0;Internal Number of Entries (31);UNSIGNED8;RO;1;1;internal_number_of_entries_31;NA;get_internal_number_of_entries_31;uint8_t
0x2401;0x1;Internal Cycle Duration;UNSIGNED32;RO;1;1;internal_cycle_duration;NA;get_internal_cycle_duration;uint32_t
0x2401;0x2;Internal Phase Delay;UNSIGNED32;RO;1;1;internal_phase_delay;NA;get_internal_phase_delay;uint32_t
0x2401;0x3;Internal Set Value Ramp Current;UNSIGNED16;RO;1;1;internal_set_value_ramp_current;NA;get_internal_set_value_ramp_current;uint16_t
0x2401;0x4;Internal Actual Position Peak Value;UNSIGNED32;RO;1;1;internal_actual_position_peak_value;NA;get_internal_actual_position_peak_value;uint32_t
0x2401;0x5;Internal Actual Value of Dynamic Friction;UNSIGNED32;RO;1;1;internal_actual_value_of_dynamic_friction;NA;get_internal_actual_value_of_dynamic_friction;uint32_t
0x2401;0x6;Internal Number of Oscillation Cycles;UNSIGNED16;RO;1;1;internal_number_of_oscillation_cycles;NA;get_internal_number_of_oscillation_cycles;uint16_t
0x2401;0x7;Internal Maximum Friction Current;UNSIGNED16;RO;1;1;internal_maximum_friction_current;NA;get_internal_maximum_friction_current;uint16_t
0x2401;0x8;Internal Actual Position Peak Value Aux;UNSIGNED32;RO;1;1;internal_actual_position_peak_value_aux;NA;get_internal_actual_position_peak_value_aux;uint32_t
0x2401;0x9;Internal Actual Position Peak Value Difference;UNSIGNED32;RO;1;1;internal_actual_position_peak_value_difference;NA;get_internal_actual_position_peak_value_difference;uint32_t
0x2410;0x0;Internal Number of Entries (32);UNSIGNED8;RO;1;1;internal_number_of_entries_32;NA;get_internal_number_of_entries_32;uint8_t
0x2410;0x1;Internal LR Identification Control;UNSIGNED16;RW;1;1;internal_lr_identification_control;set_internal_lr_identification_control;get_internal_lr_identification_control;uint16_t
0x2410;0x2;Internal LR Identification Current;UNSIGNED16;RW;1;1;internal_lr_identification_current;set_internal_lr_identification_current;get_internal_lr_identification_current;uint16_t
0x2411;0x0;Internal Number of Entries (33);UNSIGNED8;RO;1;1;internal_number_of_entries_33;NA;get_internal_number_of_entries_33;uint8_t
0x2411;0x1;Internal Resistance;UNSIGNED16;RO;1;1;internal_resistance;NA;get_internal_resistance;uint16_t
0x2411;0x2;Internal Inductivity;UNSIGNED16;RO;1;1;internal_inductivity;NA;get_internal_inductivity;uint16_t
0x2411;0x3;Internal Frequency;UNSIGNED16;RO;1;1;internal_frequency;NA;get_internal_frequency;uint16_t
0x2FFF;0x0;Internal Number of Entries (34);UNSIGNED8;RO;1;1;internal_number_of_entries_34;NA;get_internal_number_of_entries_34;uint8_t
0x2FFF;0x1;Internal Download Start;UNSIGNED32;WO;1;1;internal_download_start;set_internal_download_start;NA;uint32_t
0x2FFF;0x2;Internal Download Number of SubSections;UNSIGNED16;RW;1;1;internal_download_number_of_subsections;set_internal_download_number_of_subsections;get_internal_download_number_of_subsections;uint16_t
0x2FFF;0x3;Internal Download Code SubSection;DOMAIN;WO;1;1;internal_download_code_subsection;set_internal_download_code_subsection;NA;unknown_t
0x2FFF;0x4;Internal Download Boot Code Version;UNSIGNED16;RO;1;0;internal_download_boot_code_version;NA;get_internal_download_boot_code_version;uint16_t
0x2FFF;0x5;Internal Download Serial Number HighWord;UNSIGNED32;CONST;1;0;internal_download_serial_number_highword;NA;get_internal_download_serial_number_highword;uint32_t
0x2FFF;0x6;Internal Download Serial Number LowWord;UNSIGNED32;CONST;1;0;internal_download_serial_number_lowword;NA;get_internal_download_serial_number_lowword;uint32_t
0x6007;0x0;Abort Connection Option Code;INTEGER16;RW;0;0;abort_connection_option_code;set_abort_connection_option_code;get_abort_connection_option_code;int16_t
0x6040;0x0;ControlWord;UNSIGNED16;RW;1;1;controlword;set_controlword;get_controlword;uint16_t
0x6041;0x0;StatusWord;UNSIGNED16;RO;0;1;statusword;NA;get_statusword;uint16_t
0x605B;0x0;Shutdown Option Code;INTEGER16;RW;0;0;shutdown_option_code;set_shutdown_option_code;get_shutdown_option_code;int16_t
0x605C;0x0;Disable Operation Option Code;INTEGER16;RW;0;0;disable_operation_option_code;set_disable_operation_option_code;get_disable_operation_option_code;int16_t
0x605E;0x0;Fault Reaction Option Code;INTEGER16;RW;0;0;fault_reaction_option_code;set_fault_reaction_option_code;get_fault_reaction_option_code;int16_t
0x6060;0x0;Modes of Operation;INTEGER8;RW;1;1;modes_of_operation;set_modes_of_operation;get_modes_of_operation;int8_t
0x6061;0x0;Modes of Operation Display;INTEGER8;RO;0;1;modes_of_operation_display;NA;get_modes_of_operation_display;int8_t
0x6062;0x0;Position Demand Value;INTEGER32;RO;0;1;position_demand_value;NA;get_position_demand_value;int32_t
0x6064;0x0;Position Actual Value;INTEGER32;RO;0;1;position_actual_value;NA;get_position_actual_value;int32_t
0x6065;0x0;Max Following Error;UNSIGNED32;RW;1;1;max_following_error;set_max_following_error;get_max_following_error;uint32_t
0x6067;0x0;Position Window;UNSIGNED32;RW;0;0;position_window;set_position_window;get_position_window;uint32_t
0x6068;0x0;Position Window Time;UNSIGNED16;RW;0;0;position_window_time;set_position_window_time;get_position_window_time;uint16_t
0x6069;0x0;Velocity Sensor Actual Value;INTEGER32;RO;0;1;velocity_sensor_actual_value;NA;get_velocity_sensor_actual_value;int32_t
0x606B;0x0;Velocity Demand Value;INTEGER32;RO;0;1;velocity_demand_value;NA;get_velocity_demand_value;int32_t
0x606C;0x0;Velocity Actual Value;INTEGER32;RO;0;1;velocity_actual_value;NA;get_velocity_actual_value;int32_t
0x606D;0x0;Velocity Window;UNSIGNED32;RW;0;0;velocity_window;set_velocity_window;get_velocity_window;uint32_t
0x606E;0x0;Velocity Window Time;UNSIGNED16;RW;0;0;velocity_window_time;set_velocity_window_time;get_velocity_window_time;uint16_t
0x6078;0x0;Current Actual Value;INTEGER16;RO;0;1;current_actual_value;NA;get_current_actual_value;int16_t
0x607A;0x0;Target Position;INTEGER32;RW;1;1;target_position;set_target_position;get_target_position;int32_t
0x607C;0x0;Home Offset;INTEGER32;RW;1;1;home_offset;set_home_offset;get_home_offset;int32_t
0x607D;0x0;Internal Number of Entries (35);UNSIGNED8;RO;1;1;internal_number_of_entries_35;NA;get_internal_number_of_entries_35;uint8_t
0x607D;0x1;Min Position Limit;INTEGER32;RW;0;0;min_position_limit;set_min_position_limit;get_min_position_limit;int32_t
0x607D;0x2;Max Position Limit;INTEGER32;RW;0;0;max_position_limit;set_max_position_limit;get_max_position_limit;int32_t
0x607F;0x0;Max Profile Velocity;UNSIGNED32;RW;0;0;max_profile_velocity;set_max_profile_velocity;get_max_profile_velocity;uint32_t
0x6081;0x0;Profile Velocity;UNSIGNED32;RW;1;1;profile_velocity;set_profile_velocity;get_profile_velocity;uint32_t
0x6083;0x0;Profile Acceleration;UNSIGNED32;RW;1;1;profile_acceleration;set_profile_acceleration;get_profile_acceleration;uint32_t
0x6084;0x0;Profile Deceleration;UNSIGNED32;RW;1;1;profile_deceleration;set_profile_deceleration;get_profile_deceleration;uint32_t
0x6085;0x0;QuickStop Deceleration;UNSIGNED32;RW;1;1;quickstop_deceleration;set_quickstop_deceleration;get_quickstop_deceleration;uint32_t
0x6086;0x0;Motion Profile Type;INTEGER16;RW;1;1;motion_profile_type;set_motion_profile_type;get_motion_profile_type;int16_t
0x6089;0x0;Position Notation Index;INTEGER8;RW;0;0;position_notation_index;set_position_notation_index;get_position_notation_index;int8_t
0x608A;0x0;Position Dimension Index;UNSIGNED8;RW;0;0;position_dimension_index;set_position_dimension_index;get_position_dimension_index;uint8_t
0x608B;0x0;Velocity Notation Index;INTEGER8;RW;0;0;velocity_notation_index;set_velocity_notation_index;get_velocity_notation_index;int8_t
0x608C;0x0;Velocity Dimension Index;UNSIGNED8;RW;0;0;velocity_dimension_index;set_velocity_dimension_index;get_velocity_dimension_index;uint8_t
0x608D;0x0;Acceleration Notation Index;INTEGER8;RW;0;0;acceleration_notation_index;set_acceleration_notation_index;get_acceleration_notation_index;int8_t
0x608E;0x0;Acceleration Dimension Index;UNSIGNED8;RW;0;0;acceleration_dimension_index;set_acceleration_dimension_index;get_acceleration_dimension_index;uint8_t
0x6098;0x0;Homing Method;INTEGER8;RW;1;1;homing_method;set_homing_method;get_homing_method;int8_t
0x6099;0x0;Internal Number of Entries (36);UNSIGNED8;RO;1;1;internal_number_of_entries_36;NA;get_internal_number_of_entries_36;uint8_t
0x6099;0x1;Speed for Switch Search;UNSIGNED32;RW;1;1;speed_for_switch_search;set_speed_for_switch_search;get_speed_for_switch_search;uint32_t
0x6099;0x2;Speed for Zero Search;UNSIGNED32;RW;1;1;speed_for_zero_search;set_speed_for_zero_search;get_speed_for_zero_search;uint32_t
0x609A;0x0;Homing Acceleration;UNSIGNED32;RW;1;1;homing_acceleration;set_homing_acceleration;get_homing_acceleration;uint32_t
0x60C0;0x0;Interpolation Sub Mode Selection;INTEGER16;RW;1;1;interpolation_sub_mode_selection;set_interpolation_sub_mode_selection;get_interpolation_sub_mode_selection;int16_t
0x60C2;0x0;Internal Number of Entries (37);UNSIGNED8;RO;1;1;internal_number_of_entries_37;NA;get_internal_number_of_entries_37;uint8_t
0x60C2;0x1;Interpolation Time Periode Value;UNSIGNED8;RW;1;1;interpolation_time_periode_value;set_interpolation_time_periode_value;get_interpolation_time_periode_value;uint8_t
0x60C2;0x2;Interpolation Time Index;INTEGER8;RW;1;1;interpolation_time_index;set_interpolation_time_index;get_interpolation_time_index;int8_t
0x60C4;0x0;Internal Number of Entries (38);UNSIGNED8;RO;1;1;internal_number_of_entries_38;NA;get_internal_number_of_entries_38;uint8_t
0x60C4;0x1;Maximum Buffer Size;UNSIGNED32;RO;1;1;maximum_buffer_size;NA;get_maximum_buffer_size;uint32_t
0x60C4;0x2;Actual Buffer Size;UNSIGNED32;RO;1;1;actual_buffer_size;NA;get_actual_buffer_size;uint32_t
0x60C4;0x3;Buffer Organisation;UNSIGNED8;RW;0;0;buffer_organisation;set_buffer_organisation;get_buffer_organisation;uint8_t
0x60C4;0x4;Buffer Position;UNSIGNED16;RW;0;0;buffer_position;set_buffer_position;get_buffer_position;uint16_t
0x60C4;0x5;Size Of Data Record;UNSIGNED8;WO;1;1;size_of_data_record;set_size_of_data_record;NA;uint8_t
0x60C4;0x6;Buffer Clear;UNSIGNED8;WO;1;0;buffer_clear;set_buffer_clear;NA;uint8_t
0x60C5;0x0;Max Acceleration;UNSIGNED32;RW;0;0;max_acceleration;set_max_acceleration;get_max_acceleration;uint32_t
0x60F6;0x0;Internal Number of Entries (39);UNSIGNED8;RO;1;1;internal_number_of_entries_39;NA;get_internal_number_of_entries_39;uint8_t
0x60F6;0x1;Current Regulator P-Gain;INTEGER16;RW;1;1;current_regulator_p_gain;set_current_regulator_p_gain;get_current_regulator_p_gain;int16_t
0x60F6;0x2;Current Regulator I-Gain;INTEGER16;RW;1;1;current_regulator_i_gain;set_current_regulator_i_gain;get_current_regulator_i_gain;int16_t
0x60F9;0x0;Internal Number of Entries (40);UNSIGNED8;RO;1;1;internal_number_of_entries_40;NA;get_internal_number_of_entries_40;uint8_t
0x60F9;0x1;Speed Regulator P-Gain;INTEGER16;RW;1;1;speed_regulator_p_gain;set_speed_regulator_p_gain;get_speed_regulator_p_gain;int16_t
0x60F9;0x2;Speed Regulator I-Gain;INTEGER16;RW;1;1;speed_regulator_i_gain;set_speed_regulator_i_gain;get_speed_regulator_i_gain;int16_t
0x60F9;0x4;Velocity Feedforward Factor in Speed Regulator;UNSIGNED16;RW;1;1;velocity_feedforward_factor_in_speed_regulator;set_velocity_feedforward_factor_in_speed_regulator;get_velocity_feedforward_factor_in_speed_regulator;uint16_t
0x60F9;0x5;Acceleration Feedforward Factor in Speed Regulator;UNSIGNED16;RW;1;1;acceleration_feedforward_factor_in_speed_regulator;set_acceleration_feedforward_factor_in_speed_regulator;get_acceleration_feedforward_factor_in_speed_regulator;uint16_t
0x60FB;0x0;Internal Number of Entries (41);UNSIGNED8;RO;1;1;internal_number_of_entries_41;NA;get_internal_number_of_entries_41;uint8_t
0x60FB;0x1;Position Regulator P-Gain;INTEGER16;RW;1;1;position_regulator_p_gain;set_position_regulator_p_gain;get_position_regulator_p_gain;int16_t
0x60FB;0x2;Position Regulator I-Gain;INTEGER16;RW;1;1;position_regulator_i_gain;set_position_regulator_i_gain;get_position_regulator_i_gain;int16_t
0x60FB;0x3;Position Regulator D-Gain;INTEGER16;RW;1;1;position_regulator_d_gain;set_position_regulator_d_gain;get_position_regulator_d_gain;int16_t
0x60FB;0x4;Velocity Feedforward Factor in Position Regulator;UNSIGNED16;RW;1;1;velocity_feedforward_factor_in_position_regulator;set_velocity_feedforward_factor_in_position_regulator;get_velocity_feedforward_factor_in_position_regulator;uint16_t
0x60FB;0x5;Acceleration Feedforward Factor in Position Regulator;UNSIGNED16;RW;1;1;acceleration_feedforward_factor_in_position_regulator;set_acceleration_feedforward_factor_in_position_regulator;get_acceleration_feedforward_factor_in_position_regulator;uint16_t
0x60FF;0x0;Target Velocity;INTEGER32;RW;1;1;target_velocity;set_target_velocity;get_target_velocity;int32_t
0x6402;0x0;Motor Type;UNSIGNED16;RW;0;0;motor_type;set_motor_type;get_motor_type;uint16_t
0x6410;0x0;Internal Number of Entries (42);UNSIGNED8;RO;1;1;internal_number_of_entries_42;NA;get_internal_number_of_entries_42;uint8_t
0x6410;0x1;Continuous Current Limit;UNSIGNED16;RW;1;1;continuous_current_limit;set_continuous_current_limit;get_continuous_current_limit;uint16_t
0x6410;0x2;Output Current Limit;UNSIGNED16;RW;1;1;output_current_limit;set_output_current_limit;get_output_current_limit;uint16_t
0x6410;0x3;Pole Pair Number;UNSIGNED8;RW;0;0;pole_pair_number;set_pole_pair_number;get_pole_pair_number;uint8_t
0x6410;0x4;Maximal Motor Speed;UNSIGNED32;RW;1;1;maximal_motor_speed;set_maximal_motor_speed;get_maximal_motor_speed;uint32_t
0x6410;0x5;Thermal Time Constant Winding;UNSIGNED16;RW;0;0;thermal_time_constant_winding;set_thermal_time_constant_winding;get_thermal_time_constant_winding;uint16_t
0x6502;0x0;Supported Drive Modes;UNSIGNED32;CONST;1;0;supported_drive_modes;NA;get_supported_drive_modes;uint32_t
